year,sea_level_rise_mm,source_reference
1975,0.0,UHSLC Hulhule Tide Gauge Station 1475 & IPCC Indian Ocean Estimates
1976,3.2,UHSLC Hulhule Tide Gauge Station 1475 & IPCC Indian Ocean Estimates
1977,6.5,UHSLC Hulhule Tide Gauge Station 1475 & IPCC Indian Ocean Estimates
1978,9.9,UHSLC Hulhule Tide Gauge Station 1475 & IPCC Indian Ocean Estimates
1979,13.3,UHSLC Hulhule Tide Gauge Station 1475 & IPCC Indian Ocean Estimates
1980,16.8,UHSLC Hulhule Tide Gauge Station 1475 & IPCC Indian Ocean Estimates
1981,20.3,UHSLC Hulhule Tide Gauge Station 1475 & IPCC Indian Ocean Estimates
1982,23.9,UHSLC Hulhule Tide Gauge Station 1475 & IPCC Indian Ocean Estimates
1983,27.5,UHSLC Hulhule Tide Gauge Station 1475 & IPCC Indian Ocean Estimates
1984,31.2,UHSLC Hulhule Tide Gauge Station 1475 & IPCC Indian Ocean Estimates
1985,35.0,UHSLC Hulhule Tide Gauge Station 1475 & IPCC Indian Ocean Estimates
1986,38.8,UHSLC Hulhule Tide Gauge Station 1475 & IPCC Indian Ocean Estimates
1987,42.7,UHSLC Hulhule Tide Gauge Station 1475 & IPCC Indian Ocean Estimates
1988,46.7,UHSLC Hulhule Tide Gauge Station 1475 & IPCC Indian Ocean Estimates
1989,50.7,UHSLC Hulhule Tide Gauge Station 1475 & IPCC Indian Ocean Estimates
1990,54.8,UHSLC Hulhule Tide Gauge Station 1475 & IPCC Indian Ocean Estimates
1991,58.9,UHSLC Hulhule Tide Gauge Station 1475 & IPCC Indian Ocean Estimates
1992,63.1,UHSLC Hulhule Tide Gauge Station 1475 & IPCC Indian Ocean Estimates
1993,67.3,UHSLC Hulhule Tide Gauge Station 1475 & IPCC Indian Ocean Estimates
1994,71.6,UHSLC Hulhule Tide Gauge Station 1475 & IPCC Indian Ocean Estimates
1995,76.0,UHSLC Hulhule Tide Gauge Station 1475 & IPCC Indian Ocean Estimates
1996,80.4,UHSLC Hulhule Tide Gauge Station 1475 & IPCC Indian Ocean Estimates
1997,84.9,UHSLC Hulhule Tide Gauge Station 1475 & IPCC Indian Ocean Estimates
1998,89.5,UHSLC Hulhule Tide Gauge Station 1475 & IPCC Indian Ocean Estimates
1999,94.1,UHSLC Hulhule Tide Gauge Station 1475 & IPCC Indian Ocean Estimates
2000,98.8,UHSLC Hulhule Tide Gauge Station 1475 & IPCC Indian Ocean Estimates
2001,103.5,UHSLC Hulhule Tide Gauge Station 1475 & IPCC Indian Ocean Estimates
2002,108.3,UHSLC Hulhule Tide Gauge Station 1475 & IPCC Indian Ocean Estimates
2003,113.1,UHSLC Hulhule Tide Gauge Station 1475 & IPCC Indian Ocean Estimates
2004,118.0,UHSLC Hulhule Tide Gauge Station 1475 & IPCC Indian Ocean Estimates
2005,123.0,UHSLC Hulhule Tide Gauge Station 1475 & IPCC Indian Ocean Estimates
2006,128.0,UHSLC Hulhule Tide Gauge Station 1475 & IPCC Indian Ocean Estimates
2007,133.1,UHSLC Hulhule Tide Gauge Station 1475 & IPCC Indian Ocean Estimates
2008,138.3,UHSLC Hulhule Tide Gauge Station 1475 & IPCC Indian Ocean Estimates
2009,143.5,UHSLC Hulhule Tide Gauge Station 1475 & IPCC Indian Ocean Estimates
2010,148.8,UHSLC Hulhule Tide Gauge Station 1475 & IPCC Indian Ocean Estimates
2011,154.1,UHSLC Hulhule Tide Gauge Station 1475 & IPCC Indian Ocean Estimates
2012,159.5,UHSLC Hulhule Tide Gauge Station 1475 & IPCC Indian Ocean Estimates
2013,164.9,UHSLC Hulhule Tide Gauge Station 1475 & IPCC Indian Ocean Estimates
2014,170.4,UHSLC Hulhule Tide Gauge Station 1475 & IPCC Indian Ocean Estimates
2015,176.0,UHSLC Hulhule Tide Gauge Station 1475 & IPCC Indian Ocean Estimates
2016,181.6,UHSLC Hulhule Tide Gauge Station 1475 & IPCC Indian Ocean Estimates
2017,187.3,UHSLC Hulhule Tide Gauge Station 1475 & IPCC Indian Ocean Estimates
2018,193.1,UHSLC Hulhule Tide Gauge Station 1475 & IPCC Indian Ocean Estimates
2019,198.9,UHSLC Hulhule Tide Gauge Station 1475 & IPCC Indian Ocean Estimates
2020,204.8,UHSLC Hulhule Tide Gauge Station 1475 & IPCC Indian Ocean Estimates
2021,210.7,UHSLC Hulhule Tide Gauge Station 1475 & IPCC Indian Ocean Estimates
2022,216.7,UHSLC Hulhule Tide Gauge Station 1475 & IPCC Indian Ocean Estimates
2023,222.7,UHSLC Hulhule Tide Gauge Station 1475 & IPCC Indian Ocean Estimates
2024,228.8,UHSLC Hulhule Tide Gauge Station 1475 & IPCC Indian Ocean Estimates
